class	part	need
A	handoff	R
B	handoff	R
C	handoff	R
D	handoff	R
E	handoff	R
A	spec	R
B	spec	R
C	spec	R
D	spec	-
E	spec	R
A	gate	R
B	gate	R
C	gate	R
D	gate	O
E	gate	R
A	replay	R
B	replay	-
C	replay	R
D	replay	-
E	replay	O
A	ratchet	R
B	ratchet	O
C	ratchet	O
D	ratchet	-
E	ratchet	O
A	pr-gate	O
B	pr-gate	-
C	pr-gate	O
D	pr-gate	-
E	pr-gate	O
A	review-panel	O
B	review-panel	-
C	review-panel	R
D	review-panel	-
E	review-panel	O
A	playbooks	R
B	playbooks	R
C	playbooks	R
D	playbooks	R
E	playbooks	R
A	tokens	O
B	tokens	-
C	tokens	-
D	tokens	-
E	tokens	-
