id	scope	rule	enforced_by	artifact	check	if_not_why
IN-01	target	The install exists and records its version + every file's hash.	script	.gob/installed.json	goblin-verify --only IN-01	— (W1: the check is a builtin so the engine.mode=global clause can run — a global, declaration-only repo has no install record and SKIPs with `global engine mode — no per-repo install record`; the vendored clauses are the old one-liner: the record exists and names its version)
IN-02	target	Every installed file still matches its recorded hash.	script	.gob/installed.json	goblin-verify --only IN-02	recover: git checkout -- .gob/installed.json (or re-run npx @techgoblin/gobstack init --write to re-install); for a file it names drifted: git checkout -- <path> (if the edit is yours and intended, re-pin it: goblin-install --target <dir> --re-pin from the checkout/install tree)
IN-03	target	The verifier's own manifest is complete: every rule has a check or is advisory.	script	manifest/enforcement.tsv	goblin-verify --only IN-03	— (this row is the reason the matrix cannot rot; the second clause is D6's shape in general: a row that carries no check must be labelled advisory, or it claims verification it does not perform. The third clause is Z1-5: `enforced_by` is documented as a closed enum in docs/GUIDE.md and was read by NOTHING, so a typo in that cell changed nothing - `script|lint|gate|advisory` plus `test`, the source-scope value whose check is tests/run-tests.sh. W1: the check runs against whichever manifest the engine actually resolved (the chain in bin/goblin-verify), no longer the hardcoded per-repo path — the rule's meaning is untouched, only the path input follows the engine)
IN-04	target	No file gobstack did not create has been overwritten.	script	.gob/installed.json	goblin-verify --only IN-04	Detects a file the installer recorded as pre-existing (a `refused` entry) that has since vanished, or that is listed as installed anyway. The second clause is an internal-consistency guard: with correct code a refused path is never written, so it fires only if the installer regresses. The negative control exercises the vanished branch.
HP-01	target	HANDOFF.md exists at the root.	gate	HANDOFF.md	test -f HANDOFF.md	—
HP-02	target	The HANDOFF carries its five required sections.	lint	HANDOFF.md	for h in 'START HERE' 'STATE|STATUS' 'GATES?' 'NEXT STEPS|NEXT' 'NOT VERIFIED|UNVERIFIED|NOT PROVEN|UNPROVEN|PENDING[^.]*DEVICE TEST'; do grep -qiE "^#{2,3}[[:space:]]+[^[:alpha:]]*($h)\b" HANDOFF.md || { echo "missing section: $h"; exit 1; }; done	Partial: proves a heading exists whose first word names the slot, not that the section's content is complete. The slot may use the repo's own vocabulary (the model repo's `### NEXT` passes; `Status`, `Gate`, `Unverified`, `Pending <x> device test` are accepted); a heading that merely contains the word (`## BOARD STATE`) does not satisfy `State`.
HP-03	target	Every gate number is a measurement with a date, never a copy.	lint	HANDOFF.md	goblin-verify --only HP-03	Builtin, anchored on the gate NAMES `AGENTS.md` declares (GT-01's source of truth) rather than on a hardcoded keyword list: the shipped gates are named `commit` and `todo_ceiling`, neither of which the old list matched, so on a fresh install the only line it could see was the template's own example sentence, and a real gate line could lose its `date` and the row stayed GREEN (G8-2). A line whose text says "example of the required form" is template prose, not a gate number, and is skipped, so the template cannot satisfy the row. Partial: it proves a dated line inside the `Gates` section exists and that every gate-bearing line there carries a date - not that the number was re-measured that day, and not a gate-bearing line that names no declared gate and carries no gate-shaped keyword (so a line the config does not declare and the keyword list does not recognise is unseen). Historical gate lines outside that section are exempt by design - PROJECT-PRACTICE section 1's stale-sentence rule requires them to be kept.
HP-05	target	The HANDOFF names the HEAD it describes.	gate	HANDOFF.md	goblin-verify --only HP-05	Deviation from the design spec, with the reason: the spec's literal check is `grep -q "$(git rev-parse --short HEAD)" HANDOFF.md`, which can never pass - committing the HANDOFF moves HEAD, so the file can only name a commit that is now an ancestor. The mechanised form is therefore 'the HANDOFF names a commit that exists in this repo AND is an ancestor of HEAD', which still catches the defect it exists for (a review/handoff artifact that names no commit at all).
GT-01	target	The gate set is declared, never inferred from the stack.	gate	AGENTS.md	goblin-verify --only GT-01	Builtin: every `gate_<name>_cmd:` key in the AGENTS.md gob block is a DECLARED gate and its declaration and command are one line - a gate cannot lose its cmd and survive the count (G8-3, the condition of G8's own score sentence). The count is of declarations, not of runnable pairs. It cannot see whether a declared command is the RIGHT gate for the project: it proves a command exists, not that it is meaningful.
GT-02	target	Every declared gate runs and exits 0.	gate	AGENTS.md gates (gate_<name>_cmd:)	goblin-verify --only GT-02	—
GT-03	target	The round reports one line of measured numbers.	script	.gob/last-gate-line	test -f .gob/last-gate-line && [ .gob/last-gate-line -nt "$(git rev-parse --git-dir)/logs/HEAD" ]	The freshness reference is HEAD's reflog (`.git/logs/HEAD`), which every HEAD movement rewrites - a commit in an attached or a detached worktree included, and independently of whether the refs are packed. The clause it replaced read `.git/HEAD`, a file a commit never rewrites (only branch operations do), so a commit landing after the measured line left the row GREEN while the round had moved on (D2, measured: `.git/HEAD`'s mtime unchanged across a real commit, `--only GT-03` exit 0). Two limits remain, recorded rather than hidden: a repo with the reflog disabled (`core.logAllRefUpdates=false`) has no reference to compare against, and `-nt` against a missing path is true, so the clause passes vacuously and the row then proves only that a measured line EXISTS (a repo with no commit yet is the same case); and the clause reads ANY HEAD movement as staleness, so a checkout, a branch rename or a reset FAILs it until the next gate run rewrites the line. That second behaviour is what makes a full run self-freshening: `GT-02` writes the line earlier in the same pass, so the row asserts that the line in front of you came from THIS run. `tests/t-gt03-freshness.sh` is the control, in both directions.
SK-01	target	Every shipped skill has name + description frontmatter.	lint	.hermes/skills/*/SKILL.md	goblin-verify --only SK-01	W1: the check is a builtin so the engine.mode=global clause can run - in global mode the procedure tier is emitted per platform (not carried in this repo) and the row SKIPs with that reason instead of passing vacuously on a repo with no skills (§2.5 names SK-01 alongside SK-02/SK-04). In vendored mode it is exactly the old loop: every SKILL.md must open with frontmatter carrying both name and description.
SK-02	target	The skills on disk match their recorded hashes (no drift).	script	.hermes/skills/, installed.json	goblin-verify --only SK-02	—
SK-03	target	A rule with no mechanism is labelled advisory, and the advisory count is reported.	script	manifest/enforcement.tsv	goblin-verify --only SK-03	—
SK-04	target	Every shipped skill says what it cannot see.	lint	.hermes/skills/*/SKILL.md	goblin-verify --only SK-04	Partial: proves the section exists, not that what it says is complete or true - the limit every prose rule carries. Every shipped skill already carries it, so the row is GREEN on a fresh install and RED only under a real violation. W1: the check is a builtin so the engine.mode=global clause can run - in global mode the procedure tier is emitted per platform (not carried in this repo) and the row SKIPs with that reason.
SC-01	target	No secret file is tracked.	lint	repo	n=$(git ls-files | grep -iE '(^|/)\.env|\.pem$|\.key$' | grep -vcE '\.(example|sample|template)$'); printf '%s tracked secret file(s)\n' "$n"; [ "$n" = 0 ]	Partial: it sees tracked PATHS, never contents - a secret pasted into a tracked file is invisible here, and the pattern is a name family, so a credential inside `config.ts` is missed by construction.
BN-00	target	Every ban has an enforcement row, every ban row names a replacement, and the ban table is not empty.	script	.gob/manifest/bans.tsv + .gob/manifest/enforcement.tsv	goblin-verify --only BN-00	— (this row is the reason the ban list cannot decay into prose: IN-03's shape applied to bans.tsv, and it agrees in both directions)
BN-01	target	No `any` in application TypeScript.	lint	.gob/manifest/bans.tsv + .gob/bans/	goblin-verify --only BN-01	Text probe, not an AST: a `: any` inside a string or a comment is reported, and `Record<string, any>` (no leading colon) is missed. The AST form needs a parser the no-npm contract (docs/GUIDE.md) forbids (docs/LIMITS.md #27). SKIPs when an explicit `bans_disabled:` names it, or its globs match no file.
BN-02	target	No `@ts-ignore` / `@ts-expect-error` suppressions.	lint	.gob/manifest/bans.tsv + .gob/bans/	goblin-verify --only BN-02	Text probe: it sees the directive wherever it appears, including inside a string, and cannot tell a suppression hiding a real error from one on a line that would compile anyway. SKIPs when an explicit `bans_disabled:` names it, or its globs match no file.
BN-03	target	No direct network call from a component.	lint	.gob/manifest/bans.tsv + .gob/bans/	goblin-verify --only BN-03	Text probe over the declared component globs: it stops the call and cannot tell whether a data layer was written or the call merely moved into a helper. SKIPs when an explicit `bans_disabled:` names it, or its globs match no file.
BN-05	target	No import across a declared layer boundary.	lint	.gob/manifest/bans.tsv + .gob/bans/	goblin-verify --only BN-05	Reads the `layers:` list; an empty list SKIPs with a reason, never a vacuous pass. It matches an import path naming the target directory's last segment - module aliases and dynamic imports are not seen. SKIPs when no file matches its globs.
BN-06	target	No renderer with Node access (`nodeIntegration: true`).	lint	.gob/manifest/bans.tsv + .gob/bans/	goblin-verify --only BN-06	Text probe over the ban table's globs, the same mechanism as BN-01..BN-05: it sees `nodeIntegration: true` wherever it appears, including inside a string, and cannot see a webPreferences object built at run time or spread in from another module. The STRONGER form is a runtime measurement - the renderer prints `process.contextIsolated` and `process.sandboxed` and the check requires true/true - and that needs a real Electron process, which the dependency contract (docs/GUIDE.md) does not allow a shipped rule to launch: it is the project's host gate (docs/LIMITS.md #34). SKIPs when an explicit `bans_disabled:` names it, or `package.json` does not name electron (the `dep:electron` predicate).
BN-07	target	No renderer with context isolation or the process sandbox turned off.	lint	.gob/manifest/bans.tsv + .gob/bans/	goblin-verify --only BN-07	One probe for two properties because Electron's own documentation makes them one: disabling `contextIsolation` "also disables process sandboxing", so a repo that has turned either off has lost both. Text probe, with the same false-positive set as BN-06. SKIPs when an explicit `bans_disabled:` names it, or `package.json` does not name electron (the `dep:electron` predicate).
BN-08	target	No dangerous webPreferences.	lint	.gob/manifest/bans.tsv + .gob/bans/	goblin-verify --only BN-08	Four one-line patterns from Electron's own security checklist (`webSecurity: false`, `allowRunningInsecureContent: true`, `enableBlinkFeatures`, `<webview allowpopups>`). Text probe: `enableBlinkFeatures` is banned by name rather than by value, so the string is reported even in a comment. SKIPs when an explicit `bans_disabled:` names it, or `package.json` does not name electron (the `dep:electron` predicate).
BN-09	target	No synchronous IPC and no `@electron/remote`.	lint	.gob/manifest/bans.tsv + .gob/bans/	goblin-verify --only BN-09	The banned-list shape the wave's note 9 asks for, applied to Electron: `sendSync(` and `@electron/remote` block the renderer's own thread, which is the freeze these bans exist to prevent. Text probe - it sees the call site, not the call graph, so a wrapper around `sendSync` in a file the globs do not match is missed. SKIPs when an explicit `bans_disabled:` names it, or `package.json` does not name electron (the `dep:electron` predicate).
FM-01	target	Every feature file is indexed from the map README, declares its slug and at least one entry path, and carries the four-H2 entry contract.	lint	<feature_map dir>	goblin-verify --only FM-01	SKIPs (exit 3) when feature_map: is empty - a fresh install has no map and must not be born RED (the D8 shape). When a map IS declared: the README must exist, every features/*.md must be linked from it in the (./<slug>.md) form and every relative .md link must resolve, each feature file's `feature:` must equal its filename stem, it must declare >=1 `entry_paths:`, and its H2s must be exactly Sub-features / How to get to it (user POV) / Driving it with <harness> / Gotchas, in that order. Partial: the README's own H2s are prose this row does not read, and 'the map lists every user-facing feature' is not mechanically checkable - that is docs/LIMITS.md #30, not a row.
FM-02	target	Every entry point a feature declares still resolves in source, and no entry path changed after the map was verified.	lint	<feature_map dir> + git	goblin-verify --only FM-02	SKIPs (exit 3) when feature_map: is empty. A tripwire, not a proof. The token is searched under source_root with occurrences under the map's own directory excluded - without that exclusion the map's own entry-path list satisfies the search and the row could never go RED. Freshness is `git log -1 --format=%cs` on the resolved file against the feature's `verified:` date, and git sees a FILE change, not a behaviour change: the row can be RED-when-stale and never GREEN-means-fresh. A token that also occurs in a vendored copy or a build artifact is read as resolved, and a `verified:` date is itself a claim the row cannot test (docs/LIMITS.md #30). W5-4: the search skips the harness's own directories (`.gob/`, `.hermes/`, the declared `harness_dir`) and the map's own directory, so a stub map whose token occurs only in the install no longer resolves; a token that occurs only in the target's own `docs/`, `tests/` or build output still does (docs/LIMITS.md #37). Z1-6: the resolved file must be TRACKED (`git ls-files --error-unmatch`) before its date is compared - an untracked file used to make the freshness clause skip in silence, so a map could claim `verified: 2020-01-01` over source that was never committed.
PR-01	source	The installer never writes outside its target.	test	tests/t-install-*	tests/run-tests.sh	—
PR-02	source	A second install is a no-op, and an upgrade reports created/updated/unchanged.	test	tests/t-install-idempotent.sh	tests/run-tests.sh	—
PR-03	source	Every target-scope check goes RED under its own violation.	test	tests/t-verify-red.sh	tests/run-tests.sh	— (the negative control the verifier re-runs)
PR-04	source	The repo is portable: no personal path in any reusable rule.	lint	repo	tests/run-tests.sh (the PT-01 body over the source tree, plus tests/)	—
