id	scope	rule	enforced_by	artifact	check	if_not_why	enable
HP-04	target	A stale sentence is corrected in place with a dated parenthetical, never deleted.	advisory	HANDOFF.md	advisory	Detecting a silent deletion needs semantic judgement; a diff heuristic (>=5 removed non-empty lines with no 'corrected' addition) is too noisy to gate on. goblin-verify --only HP-04 prints the heuristic as a warning only.	HP-04
SP-01	target	A *-SPEC.md file exists at the repo root (any round, not the current one - round-scoping arrives with the W6 staged chain).	gate	*-SPEC.md	ls ./*-SPEC.md >/dev/null 2>&1	Skipped when `spec` is in `disabled:`.	SP-01
SP-02	target	The SPEC is committed, not left untracked.	script	git ls-files	test -z "$(git ls-files --others --exclude-standard -- '*-SPEC.md')"	—	SP-02
SP-03	target	Every AC: item is checkable without a human.	lint	*-SPEC.md	awk '/^[[:space:]]*[-*][[:space:]]/ && /AC[0-9]*:/ && !/`|==|===|exit|<|>/ {print; bad=1} END{exit bad}' ./*-SPEC.md	Partial: structural only - a checkable-looking bullet can still be unfalsifiable. The matcher is `AC[0-9]*:` because the shipped template writes `- AC1: ...`; the literal `/AC:/` only saw a bullet that spelled the label without a number.	SP-03
GT-04	target	A ratchet is declared with a ceiling.	gate	AGENTS.md ratchet.*:	goblin-verify --only GT-04	—	GT-04
GT-05	target	The ratchet has not risen.	gate	ratchet.cmd	goblin-verify --only GT-05	—	GT-05
HS-01	target	Asserting harnesses follow the house shape.	lint	harness_dir/*	goblin-verify --only HS-01	A declared harness_dir that is absent FAILS when `scaffold_checks: yes`; when it is `no`, the row SKIPs with a reason. Keying the skip off the path alone let one config line switch this row and HS-02 off. A report utility in the same dir is counted and reported separately rather than failing the run.	HS-01
HS-02	target	A check green on both trees proves nothing - the REPLAY must show RED pre-change.	gate	harness_dir/*, replay.env, replay.cmd	goblin-verify --only HS-02	The declared `replay.cmd` is EXECUTED with `{name}` replaced by each harness's name, in the pre-change worktree, with `replay.env=<commit>` set (Z1-4). Two clauses that used to be unheard: a command that interpolates no `{name}` FAILs (it cannot be running the harness it names, so nothing was replayed), and a command that cannot be executed at all - exit 126 or 127 - FAILs rather than counting as a RED harness. The harness's name is substituted SHELL-QUOTED (`printf %q`), because the name is part of the command text the shell parses; unquoted, a name carrying `;` or `#` reached the shell as syntax (Z2-3, the G8-1 surface class), and the control for it carries a metacharacter-bearing file name. What it cannot see: a command that runs *something else* under the harness's name and exits non-zero, and whether the harness tests the right path rather than merely failing on this tree.	HS-02
HS-03	target	Source probes read text with comments blanked first.	advisory	harness_dir/*	advisory	Recognising 'this probe reads source text' is semantic; a grep for the blanking helper produces false FAILs on harnesses that do not probe source.	HS-03
CM-02	target	The commit message was written to a file, not passed with -m.	advisory	git log	advisory	A backtick lost to command substitution leaves no trace a later check can read. Reported as a heuristic (unbalanced backticks in a body) only.	CM-02
CM-03	target	Commit-as-you-go: the working tree is not carrying a dead run's work.	script	git status --porcelain	goblin-verify --only CM-03	—	CM-03
PG-01	target	The reviewed artifact is named by SHA, and that SHA exists.	gate	reviews/*.md	goblin-verify --only PG-01	—	PG-01
PG-02	target	The gate is chosen by the change, not the repo, and the tier's evidence exists.	script	reviews/*.md	goblin-verify --only PG-02	—	PG-02
PG-03	target	A new head voids the verdict.	gate	reviews/*.md + git	goblin-verify --only PG-03	—	PG-03
DS-01	target	Runtime data is not test fixture: a gate run must not write it.	script	AGENTS.md runtime_data:	goblin-verify --only DS-01	—	DS-01
DS-02	target	Snapshot before, verify after.	gate	same as DS-01	goblin-verify --only DS-02	—	DS-02
DOC-01	target	A significant change updates the docs that teach it.	advisory	README.md, docs/	advisory	'Significant' is a judgement; a diff-size heuristic fails on the cases that matter.	DOC-01
DOC-02	target	System-level changes are recorded wherever the project's standard says they live.	advisory	—	advisory	Where the recording lives may be owned by a stricter external rule than gobstack may add; the repo can only state it.	DOC-02
PT-01	target	No tenant-specific string inside a reusable rule.	lint	skills/ manifest/ bin/ templates/ .gob/ .hermes/	for d in skills manifest bin templates .gob .hermes; do [ -d "$d" ] || continue; grep -rniE --exclude=AGENTS.md --exclude=installed.json '(h[a]rvey|tech-g[o]blin|/h[o]me/[a-z]+|g[o]blin-ui|op[e]n-door|sup[r]eme|bb[t]ech|c[l]v)' "$d" && exit 1; done; exit 0	— (the rules an install actually writes live in `.gob/` and `.hermes/`, not in the source layout. Two documented exceptions: `AGENTS.md`, which holds `practice:` - per-machine config, not a rule - and `.gob/installed.json`, which since W1 records the machine's absolute `engine_dir` in its `engine:` block - both per-machine facts, not rules - each excluded by name. The pattern is written with character classes so this row cannot match itself.)	PT-01
CL-02	target	An archive: true project verifies GREEN without a HANDOFF or gates.	script	AGENTS.md archive:	goblin-verify --only CL-02	Falsifiable: FAILs when `archive:` is not `true`/`false`, and when the config's value disagrees with the one the install recorded in `.gob/installed.json` (so the waiver cannot be flipped on by hand). It cannot observe the *effect* of the waiver on the other rows without re-entering the runner.	CL-02
SC-02	target	The ignore rules cover the whole secret family.	gate	.gitignore + git check-ignore	goblin-verify --only SC-02	Builtin, and behavioural: clause 1 reads `.gitignore`; clause 2 asks git's own matcher (`git check-ignore`) for `.env`, `.env.local` and `.env.production` one path at a time, so a rule that looks right but does not match still fails. It cannot see a secret already in git history, or one committed under a name the family does not cover. SKIPs with a reason when there is no `.gitignore` and no `package.json`.	SC-02
SC-03	target	No client-visible name is secret-shaped, and no build output carries a secret literal.	lint	repo + security's build_output	goblin-verify --only SC-03	Builtin, two clauses: the `NEXT_PUBLIC_*_(SECRET|TOKEN|KEY|PASSWORD|PRIVATE)` name pattern over source, and known secret prefixes over the declared build output. Partial: a prefix pattern cannot see a secret that does not look like one, and clause 2 says "no build output to scan" on the line rather than skipping silently. The source scan excludes `.gob/` and `.hermes/`, so it cannot match the row text that describes it.	SC-03
SC-04	target	Every cookie write carries its flags.	lint	repo	goblin-verify --only SC-04	Builtin, same-statement only: a write spread over three lines is not seen, and the row says so. It REPORTS that a JS-written cookie is readable by any script rather than failing on it - that is a design fact, not a bug - so the pass is about the flags, never about the choice.	SC-04
SC-05	target	Every write route validates its input, or is waived.	gate	security's write_routes	goblin-verify --only SC-05	Builtin: it proves a validator is CALLED (`safeParse|zod|valibot|yup|ajv|superstruct|validate(`), never that the schema is right - a schema that accepts everything passes. `.gob/boundary-waivers` is the escape hatch, and the waived count is printed, so a silent pile-up is visible.	SC-05
SC-06	target	A lockfile exists, and the repo tracks it.	gate	package.json + lockfile	goblin-verify --only SC-06	Builtin: presence, then `git ls-files --error-unmatch`. It cannot see that the lockfile is STALE relative to `package.json` - resolving that needs the package manager, which is a deliberate network-shaped step, not a check. SKIPs with a reason when there is no `package.json`.	SC-06
SC-09	target	Auth is applied consistently across sibling routes.	advisory	—	advisory	Prose on purpose: "consistently" is a semantic judgement about a private surface no repo here has yet. Counted (6 of ceiling 10) so the matrix cannot quietly grow prose.	SC-09
PF-01	target	The perf baseline names the commit it measured.	lint	AGENTS.md perf: + ratchet:	goblin-verify --only PF-01	Builtin: the metric must equal `ratchet.name` so the budget and the measurement cannot silently disagree, the value must be numeric, the date must exist, the baseline commit must exist AND be an ancestor of HEAD (`HP-05`'s mechanic, reused rather than re-derived), and `ratchet.ceiling` must equal `perf.baseline_value` - otherwise a one-line ceiling raise passes while the row prints the contradiction, which is `I raised the budget and never measured again` (G8-6b). It cannot see whether the metric is the right one for the product, and it never re-measures: re-anchoring is a deliberate operator action. SKIPs with a reason when no perf metric is declared, or none has been recorded yet.	PF-01
VA-01	target	The generated verification skill's doctor command runs and exits 0.	gate	AGENTS.md verify_doctor:	goblin-verify --only VA-01	SKIPs (exit 3) when verify_doctor: is empty (the replay.commit: "" shape). Runs the DECLARED command exactly as GT-02 runs a declared gate, and never a string read out of file content (the v0.2 blocker). Closes P6's stated-but-unenforced clause 'a generated skill that was never executed is a draft': the doctor is the smallest executable proof that the skill's own instructions still run - and it proves only that, never that the doctor tests the right path.	VA-01
RC-01	target	No file in the shipping tree matches a reference-corpus hash.	gate	reference-manifest.json + security: build_output:	goblin-verify --only RC-01	Four clauses: (1) `reference_manifest:` empty -> SKIP with that reason (the `FM-01`/`VA-01` shape - not born RED); (2) declared but missing or unparseable -> FAIL, never a SKIP; (3) any file under the declared `security: build_output:` whose sha256 appears in an entry's sha256 -> FAIL, naming path + entry; (4) the manifest itself must not sit inside the build output, at the declared path or as a byte-identical copy - it is a listing of every corpus hash, so shipping it ships the corpus's shape. Cannot see: a re-encoded/resized/recoloured asset (level 2), copied text in a shipped string (level 3), or a manifest authored weak - that is `RC-02`.	RC-01
RC-02	target	The reference manifest is shaped so `RC-01` cannot pass vacuously.	lint	reference-manifest.json	goblin-verify --only RC-02	Schema `reference-manifest/1`; `generated_from` non-empty; `reference_app.package`/`.version`/`apk_sha256` (64 hex); `entries` non-empty; every entry carries `path`, 64-hex `sha256`, numeric `bytes`; `entry_count` equals `len(entries)`. SKIPs with `RC-01`'s reason when the key is empty. Exists because `RC-01` alone carries the `bans.tsv` weakness: a weakened input passes the check it feeds (`LIMITS.md` #28). It cannot see whether the entries are the *right* hashes - that is as strong as tamper hashing, and `installed.json` is unsigned (`LIMITS.md` #18).	RC-02
RC-03	target	A lab repo tracks no extracted byte: scripts, notes, manifests, docs only.	script	manifests/*.sha256 + git ls-files	goblin-verify --only RC-03	Two clauses: every tracked path falls under a declared allowlist (`scripts/`, `notes/`, `manifests/`, root docs - the harness's own `.gob/` and `.hermes/` files and the `.gitignore` block it appends are the install, not the lab's content, and are excluded the way `FM-02` excludes them); and no tracked file's sha256 equals any hash in a `manifests/*.sha256`. The manifest itself lists paths and hashes, which the lab repo's own README explicitly permits - the check is about *bytes*, and it must not read the manifest as a violation. SKIPs with a reason when no `manifests/` exists. Cannot see a payload renamed and re-encoded - which is why the allowlist is a second, independent trap.	RC-03
RC-04	target	The acquisition record exists, and the manifest names the target and its source.	lint	manifests/*.sha256 header	goblin-verify --only RC-04	The header block must name a target slug + version, a source store, and a checksum (md5 or sha256 hex); the manifest must hold a `*.apk` row, the header's named apk must be that row, and a 64-hex token in the header, if present, must equal the row's sha256 (a header carrying only the md5 passes - the comparison is conditional in the engine). Weakest of the four: it proves a record EXISTS, not that the number came from the store (`HP-03`'s defect). It is the first to cut if the matrix gets heavy.	RC-04
