id	playbook	when	steps	verification	profiles	role
P1	goblin-investigation	a read-only question, or "why is this happening"	1 name the question as a falsifiable claim | 2 read the code paths, cite file:line | 3 if the answer is observable by running something, run it instead of asking | 4 write the answer with its evidence	every claim carries a file:line or a command+output; no code changes; a claim you cannot source is marked [unverified]	any	investigate
P2	goblin-bugfix	a reported defect	1 reproduce it yourself | 2 state the root cause with a measurement, never 'should be' | 3 fix the root, not the symptom | 4 prove absence on the same surface, with a negative control	the repro fails before and passes after, on the same command; unit tests show branch behaviour, not bug absence	coder	code
P3	goblin-feature	new behaviour	1 SPEC first (measured root cause + AC: list) | 2 name the data shape before the code | 3 land it in units that each end checkable | 4 write the SHA it landed at into the review note	every AC: item has a checkable assertion; the gate line is measured; the SHA is named	architect -> coder	judgment -> code
P4	goblin-refactor	a behaviour-preserving reshape	1 pin the contract first (characterization test / snapshot / equivalence harness) | 2 shape only, no behaviour | 3 delete the legacy path in the same change	the pin is a real assertion run before and after; a type check and lint are not a pin	coder	code
P5	goblin-tdd-repro	a defect where a regression test is cheap	1 write the failing test | 2 confirm it fails for the intended reason | 3 smallest production fix | 4 revert the fix -> the test MUST fail -> restore	the RED-again step is captured; prefer no new test over a bad test; the skip path is explicit, never silent	coder	code
P6	goblin-verify-author	a project has no live lane, or its gates drift	1 read the repo, not the user, for entry points | 2 write the gate/check set into the harness dir with the house harness shape | 3 execute it once end to end | 4 add the REPLAY block | 5 seed the feature map and declare feature_map:/source_root: (goblin-feature-map) | 6 hand the generated skill to P12: verified: does not advance until the eval record exists	a generated skill that was never executed is a draft, not a deliverable; the harness prints PASS/FAIL and exits non-zero on failure; the REPLAY shows RED pre-change; the map's index and four-H2 contract hold (FM-01), every declared entry path still resolves (FM-02), and the declared verify_doctor: exits 0 (VA-01)	architect	judgment
P7	goblin-pr-gate	anything that should be reviewed before it lands	1 classify stakes S0-S4 | 2 run the gate set at the candidate SHA and record the numbers | 3 write reviews/<slug>-<head7>.md with head/base/patch-id/stakes/checks-run | 4 evaluate the panel rule for S3+ | 5 at S3+ the foreman is role-judge: one decision from N lane verdicts, never a vote count | 6 re-check the patch-id before landing	the patch-id of base..head still matches the recorded one; the review note names a SHA that exists in git rev-list; for S2+ a check ran on that SHA; at S3+ the judge is a lane disjoint from the author's (JG-02)	reviewer (+ architect for S3)	review-panel
P8	goblin-bootstrap	adopting goblin-stack in a repo, or starting one	1 classify the project (A-E) | 2 goblin-install --class <x> | 3 goblin-verify GREEN | 4 fix .gitignore BEFORE any git init | 5 first HANDOFF, first SPEC, first check script	goblin-verify exits 0 and the created-file list matches installed.json; a repo with no gate declares one and records its first measured numbers	architect	judgment
P9	goblin-handoff	ending a session, or picking up another's	1 commit uncommitted edits as one internally-consistent wip: commit | 2 write intent / verified state / next steps / what is NOT verified | 3 stale sentences get a dated parenthetical, never deletion | 4 on pickup: verify inherited claims against the artifact	every gate number in the HANDOFF carries 'measured <date>'; the named HEAD matches git rev-parse --short HEAD; the NOT-verified section is non-empty or says 'nothing outstanding'	any	judgment
P10	goblin-overnight	an unattended run over a predicate	1 the exit condition is a checkable predicate written before iteration 1 | 2 it never gets relaxed | 3 an escape hatch: a genuine dead end writes up why and stops | 4 the morning audit reads the Attention section first	the predicate is a command in the card body and was run at least once (its first run recorded before iteration 1); goal_max_turns is set and at or under loop_max_turns_ceiling; every landed change has a P7 verdict row; any verdict that says done cites a handle the repo resolves (JG-01); a run that ends without its predicate green carries .goblin/loop/stuck.md (LP-05)	default + coder	code + judge
P11	goblin-sweep	the same change or question across projects	1 enumerate targets with a shell glob, not a memory | 2 classify each (A-E); an archive project is skipped, not processed | 3 one card per project, parents=[sweep] | 4 collect one line per project: what changed / what was refused / what is unfindable	the per-project line carries the command it ran; the sweep report states its own coverage (n of m projects, and names the skipped ones)	default	synthesis
P12	goblin-eval	a skill or prompt changed, and you want to know if it did anything	1 candidate and control run in sanitized directories | 2 no eval/test/judge/rubric token anywhere the candidate sees | 3 grade the chain from the transcript (which files it actually opened), never self-report | 4 the judge runs on a different model family | 5 write the record to evals/<slug>/ (prompt, rubric, manifest.tsv, transcripts/, verdict.md) | 6 a change must improve the evaluated cases or add new evaluations; a generated verification skill passes only on a measured sensitivity	the judge's verdict is reproducible from the transcripts; candidates never learn other candidates exist; the record exists and every lane names a transcript file that exists; a generated verification skill is verified only by a record, with its sensitivity (detected of seeded) printed beside the control's number	researcher	synthesis
P13	goblin-bugreporter	an event delivered a report	1 validate intake | 2 freeze repo+revision | 3 reproduce (R1 then R2 then R3) | 4 write repro.md | 5 create the fix card only on `reproduced` | 6 complete with the verdict	repro.md carries a command, a revision that exists in git rev-list, and a RED `pre` row; the fix card exists iff the verdict is `reproduced`; the tree is clean after the run	researcher	investigate
P14	goblin-drift-audit	a recorded claim disagrees with the artifact	1 enumerate targets by glob | 2 compute the drift record | 3 print nothing when clean | 4 one card per drifting repo | 5 report n of m	the summary names each repo and the command it ran; a clean run prints nothing; skipped targets are named	architect	judgment
