key	required	shape
repo	yes	path or remote of the repository the defect is in
symptom	yes	one line, observable
expected	yes	one line
observed	yes	one line
repro_steps	yes	ordered list, one item per line, 4-space indented
revision	yes	a commit that exists in that repository
dedup_key	yes	bug:<repo>:<sha256(normalised symptom)[:12]> - content only, never a date
environment	no	platform/version; absent is recorded as unknown, never guessed
evidence	no	paths to captures; evidence for a human, never harness proof
